{
    "default_header": "header_687066",
    "primary-font": [
        {
            "custom": "",
            "google": "1",
            "font-family": "Quicksand",
            "font-weight": "600",
            "font-style": "",
            "font-subset": "",
            "text-transform": "",
            "color": "#242424"
        }
    ],
    "text-font": [
        {
            "custom": "",
            "google": "1",
            "font-family": "Quicksand",
            "font-weight": "400",
            "font-style": "",
            "font-subset": "",
            "font-size": "14",
            "tablet": {
                "font-size": ""
            },
            "mobile": {
                "font-size": ""
            },
            "color": "#777777"
        }
    ],
    "post-titles-font": [
        {
            "custom": "",
            "google": "1",
            "font-family": "Quicksand",
            "font-weight": "500",
            "font-style": "",
            "font-subset": "",
            "text-transform": "",
            "color": "#333333",
            "hover": {
                "color": "rgb(51 51 51 \/ 65%)"
            }
        }
    ],
    "navigation-font": [
        {
            "custom": "",
            "google": "1",
            "font-family": "Quicksand",
            "font-weight": "500",
            "font-style": "",
            "font-subset": "",
            "text-transform": "uppercase",
            "font-size": "13",
            "tablet": {
                "font-size": ""
            },
            "mobile": {
                "font-size": ""
            }
        }
    ],
    "footer-bar-bg": {
        "color": "rgb(221,113,116)",
        "url": "",
        "id": "",
        "repeat": "",
        "size": "",
        "attachment": "",
        "position": ""
    },
    "footer-style": "light",
    "primary-color": {
        "idle": "rgb(40,192,241)"
    },
    "btns_shop_bg": {
        "idle": "rgb(40,192,241)"
    },
    "btns_shop_bg_hover": {
        "idle": "rgb(47,176,218)"
    },
    "btns_accent_bg": {
        "idle": "rgb(40,192,241)"
    },
    "btns_accent_bg_hover": {
        "idle": "rgb(47,176,218)"
    },
    "prefooter_content_type": "text",
    "prefooter_html_block": "258",
    "prefooter_area": "",
    "additional_tab_content_type": "html_block",
    "additional_tab_html_block": "242",
    "portfolio_page": "150"
}