<?xml version="1.0" encoding="UTF-8" ?>
	<!-- This is a WordPress eXtended RSS file generated by WordPress as an export of your site. -->
	<!-- It contains information about your site's posts, pages, comments, categories, and other content. -->
	<!-- You may use this file to transfer that content from one site to another. -->
	<!-- This file is not intended to serve as a complete backup of your site. -->

	<!-- To import this information into a WordPress site follow these steps: -->
	<!-- 1. Log in to that site as an administrator. -->
	<!-- 2. Go to Tools: Import in the WordPress admin panel. -->
	<!-- 3. Install the "WordPress" importer from the list. -->
	<!-- 4. Activate & Run Importer. -->
	<!-- 5. Upload this file using the form provided on that page. -->
	<!-- 6. You will first be asked to map the authors in this export file to users -->
	<!--    on the site. For each author, you may choose to map to an -->
	<!--    existing user on the site or to create a new user. -->
	<!-- 7. WordPress will then import each of the posts, pages, comments, categories, etc. -->
	<!--    contained in this file into your site. -->

	<!-- generator="WordPress/5.8.2" created="2021-11-16 13:49" -->
<rss version="2.0"
	xmlns:excerpt="http://wordpress.org/export/1.2/excerpt/"
	xmlns:content="http://purl.org/rss/1.0/modules/content/"
	xmlns:wfw="http://wellformedweb.org/CommentAPI/"
	xmlns:dc="http://purl.org/dc/elements/1.1/"
	xmlns:wp="http://wordpress.org/export/1.2/"
>

<channel>
	<title>Elementor 2.0 WoodMart dummy</title>
	<link>http://dummy.xtemos.com/woodmart2/elementor</link>
	<description>Just another WoodMart Dummy 2.0 Sites site</description>
	<pubDate>Tue, 16 Nov 2021 13:49:58 +0000</pubDate>
	<language>en-US</language>
	<wp:wxr_version>1.2</wp:wxr_version>
	<wp:base_site_url>http://dummy.xtemos.com/woodmart2/</wp:base_site_url>
	<wp:base_blog_url>http://dummy.xtemos.com/woodmart2/elementor</wp:base_blog_url>

		<wp:author><wp:author_id>2</wp:author_id><wp:author_login><![CDATA[zakhar]]></wp:author_login><wp:author_email><![CDATA[zak@asda.as]]></wp:author_email><wp:author_display_name><![CDATA[Mr. Mackay]]></wp:author_display_name><wp:author_first_name><![CDATA[sds]]></wp:author_first_name><wp:author_last_name><![CDATA[scssc]]></wp:author_last_name></wp:author>

					<wp:term>
			<wp:term_id>0</wp:term_id>
			<wp:term_taxonomy><![CDATA[]]></wp:term_taxonomy>
			<wp:term_slug><![CDATA[]]></wp:term_slug>
			<wp:term_parent><![CDATA[]]></wp:term_parent>
					</wp:term>
		
	<generator>https://wordpress.org/?v=5.8.2</generator>

					<item>
					<title><![CDATA[Video Element]]></title>
					<link>http://dummy.xtemos.com/woodmart2/elementor/video-element/</link>
					<pubDate>Tue, 16 Nov 2021 13:47:13 +0000</pubDate>
					<dc:creator><![CDATA[zakhar]]></dc:creator>
					<guid isPermaLink="false">http://dummy.xtemos.com/woodmart2/elementor/?page_id=10679</guid>
											<content:encoded><![CDATA[XTEMOS ELEMENTS				
				<h4>VIDEO PLAYER WITH CUSTOM THUMBNAIL</h4> 
		https://vimeo.com/235215203https://vimeo.com/235215203		
					XTEMOS ELEMENTS				
				<h4>YOUTUBE VIDEO</h4> 
		https://www.youtube.com/watch?v=YrXa-de32-Y		
					XTEMOS ELEMENTS				
				<h4>VIMEO VIDEO</h4> 
		https://vimeo.com/153513185		
					XTEMOS ELEMENTS				
				<h4>BACKGROUND VIDEO</h4> 
		<p>Phasellus a ac hac turpis accumsan erat a consectetur lorem ultricies aliquam parturient molestie ut dui vestibulum ullamcorper enim a phasellus. Hendrerit laoreet in vel a et primis scelerisque iaculis.</p>
			<a  href="#">
					SHOP NOW				
							</a>
			<a  href="#">
					VIEW MORE				
							</a>]]></content:encoded>
															<wp:post_id>10679</wp:post_id>
					<wp:post_date><![CDATA[2021-11-16 13:47:13]]></wp:post_date>
					<wp:post_date_gmt><![CDATA[2021-11-16 13:47:13]]></wp:post_date_gmt>
					<wp:post_modified><![CDATA[2021-11-16 13:49:16]]></wp:post_modified>
					<wp:post_modified_gmt><![CDATA[2021-11-16 13:49:16]]></wp:post_modified_gmt>
					<wp:comment_status><![CDATA[closed]]></wp:comment_status>
					<wp:post_name><![CDATA[video-element]]></wp:post_name>
					<wp:status><![CDATA[publish]]></wp:status>
					<wp:post_parent>0</wp:post_parent>
					<wp:menu_order>0</wp:menu_order>
					<wp:post_type><![CDATA[page]]></wp:post_type>
																					<wp:postmeta>
							<wp:meta_key><![CDATA[_woodmart_whb_header]]></wp:meta_key>
							<wp:meta_value><![CDATA[none]]></wp:meta_value>
						</wp:postmeta>
												<wp:postmeta>
							<wp:meta_key><![CDATA[_woodmart_title_image]]></wp:meta_key>
							<wp:meta_value><![CDATA[a:2:{s:3:"url";s:0:"";s:2:"id";s:0:"";}]]></wp:meta_value>
						</wp:postmeta>
												<wp:postmeta>
							<wp:meta_key><![CDATA[_woodmart_page-title-size]]></wp:meta_key>
							<wp:meta_value><![CDATA[inherit]]></wp:meta_value>
						</wp:postmeta>
												<wp:postmeta>
							<wp:meta_key><![CDATA[_woodmart_main_layout]]></wp:meta_key>
							<wp:meta_value><![CDATA[full-width]]></wp:meta_value>
						</wp:postmeta>
												<wp:postmeta>
							<wp:meta_key><![CDATA[_elementor_edit_mode]]></wp:meta_key>
							<wp:meta_value><![CDATA[builder]]></wp:meta_value>
						</wp:postmeta>
												<wp:postmeta>
							<wp:meta_key><![CDATA[_elementor_template_type]]></wp:meta_key>
							<wp:meta_value><![CDATA[wp-page]]></wp:meta_value>
						</wp:postmeta>
												<wp:postmeta>
							<wp:meta_key><![CDATA[_elementor_version]]></wp:meta_key>
							<wp:meta_value><![CDATA[3.4.3]]></wp:meta_value>
						</wp:postmeta>
												<wp:postmeta>
							<wp:meta_key><![CDATA[_wp_page_template]]></wp:meta_key>
							<wp:meta_value><![CDATA[default]]></wp:meta_value>
						</wp:postmeta>
												<wp:postmeta>
							<wp:meta_key><![CDATA[_elementor_data]]></wp:meta_key>
							<wp:meta_value><![CDATA[[{"id":"34010e62","elType":"section","settings":{"margin":{"unit":"px","top":"0","right":"0","bottom":"45","left":"0","isLinked":""},"margin_mobile":{"unit":"px","top":"0","right":"0","bottom":"35","left":"0","isLinked":""}},"elements":[{"id":"55f20e02","elType":"column","settings":{"_column_size":"100","column_sticky_offset":"50","scroll_y":"-80"},"elements":[{"id":"25542f09","elType":"widget","settings":{"subtitle":"XTEMOS ELEMENTS","after_title":"","image_size":"custom","style":"bordered","color":"primary","title":"VIDEO PLAYER WITH CUSTOM THUMBNAIL","scroll_y":"-80"},"elements":[],"widgetType":"wd_title"},{"id":"60e25868","elType":"section","settings":{"gap":"extended","structure":"20"},"elements":[{"id":"1bfcb965","elType":"column","settings":{"_column_size":"50","column_sticky_offset":"50","scroll_y":"-80"},"elements":[{"id":"567f9f2c","elType":"widget","settings":{"video_type":"vimeo","link":"https:\/\/www.youtube.com\/watch?v=YrXa-de32-Y","show_image_overlay":"yes","image_overlay":{"id":10685,"url":"http:\/\/dummy.xtemos.com\/woodmart2\/elementor\/wp-content\/uploads\/sites\/2\/2021\/11\/video-elements-image-1.jpg","alt":"","source":"library"},"youtube_url":"https:\/\/www.youtube.com\/watch?v=XHOmBV4js_E","vimeo_url":"https:\/\/vimeo.com\/235215203","dailymotion_url":"https:\/\/www.dailymotion.com\/video\/x6tqhqb","wd_theme_style":"theme-style","scroll_y":"-80"},"elements":[],"widgetType":"video"}],"isInner":"1"},{"id":"7b0064e7","elType":"column","settings":{"_column_size":"50","column_sticky_offset":"50","scroll_y":"-80"},"elements":[{"id":"7eb70db1","elType":"widget","settings":{"video_type":"vimeo","link":"https:\/\/vimeo.com\/153513185","show_image_overlay":"yes","image_overlay":{"id":10686,"url":"http:\/\/dummy.xtemos.com\/woodmart2\/elementor\/wp-content\/uploads\/sites\/2\/2021\/11\/video-elements-image-2.jpg","alt":"","source":"library"},"youtube_url":"https:\/\/www.youtube.com\/watch?v=XHOmBV4js_E","vimeo_url":"https:\/\/vimeo.com\/235215203","dailymotion_url":"https:\/\/www.dailymotion.com\/video\/x6tqhqb","wd_theme_style":"theme-style","scroll_y":"-80"},"elements":[],"widgetType":"video"}],"isInner":"1"}],"isInner":"1"}],"isInner":""}],"isInner":""},{"id":"7a901723","elType":"section","settings":{"structure":"20","gap":"extended","margin":{"unit":"px","top":"0","right":"0","bottom":"75","left":"0","isLinked":""},"margin_mobile":{"unit":"px","top":"0","right":"0","bottom":"55","left":"0","isLinked":""}},"elements":[{"id":"7c3e863f","elType":"column","settings":{"_column_size":"50","column_sticky_offset":"50","scroll_y":"-80"},"elements":[{"id":"32def630","elType":"widget","settings":{"subtitle":"XTEMOS ELEMENTS","after_title":"","image_size":"custom","style":"bordered","color":"primary","title":"YOUTUBE VIDEO","scroll_y":"-80"},"elements":[],"widgetType":"wd_title"},{"id":"1b44831","elType":"widget","settings":{"link":"https:\/\/www.youtube.com\/watch?v=YrXa-de32-Y","youtube_url":"https:\/\/www.youtube.com\/watch?v=YrXa-de32-Y","vimeo_url":"https:\/\/vimeo.com\/235215203","dailymotion_url":"https:\/\/www.dailymotion.com\/video\/x6tqhqb","scroll_y":"-80","image_overlay":{"id":10681,"url":"http:\/\/dummy.xtemos.com\/woodmart2\/elementor\/wp-content\/uploads\/sites\/2\/2021\/11\/placeholder.png"}},"elements":[],"widgetType":"video"}],"isInner":""},{"id":"7e31159c","elType":"column","settings":{"_column_size":"50","column_sticky_offset":"50","scroll_y":"-80"},"elements":[{"id":"49ed92e","elType":"widget","settings":{"subtitle":"XTEMOS ELEMENTS","after_title":"","image_size":"custom","style":"bordered","color":"primary","title":"VIMEO VIDEO","scroll_y":"-80"},"elements":[],"widgetType":"wd_title"},{"id":"148d7034","elType":"widget","settings":{"video_type":"vimeo","link":"https:\/\/vimeo.com\/153513185","youtube_url":"https:\/\/www.youtube.com\/watch?v=XHOmBV4js_E","vimeo_url":"https:\/\/vimeo.com\/153513185","dailymotion_url":"https:\/\/www.dailymotion.com\/video\/x6tqhqb","scroll_y":"-80","image_overlay":{"id":10682,"url":"http:\/\/dummy.xtemos.com\/woodmart2\/elementor\/wp-content\/uploads\/sites\/2\/2021\/11\/placeholder-1.png"}},"elements":[],"widgetType":"video"}],"isInner":""}],"isInner":""},{"id":"28e5e086","elType":"section","settings":{"wd_section_stretch":"stretch","content_position":"middle","video_bg":"yes","video_bg_url":"https:\/\/www.youtube.com\/watch?v=lR3spOdggNc","woodmart_parallax":"1","background_background":"video","background_color":"#0a0a0a","el_class":"opacity-video-bg","background_video_link":"https:\/\/www.youtube.com\/watch?v=lR3spOdggNc","margin":{"unit":"px","top":"0","right":"0","bottom":"-40","left":"0","isLinked":""},"padding":{"unit":"px","top":"100","right":"15","bottom":"100","left":"15","isLinked":""},"padding_mobile":{"unit":"px","top":"80","right":"15","bottom":"80","left":"15","isLinked":""},"background_overlay_background":"classic","background_play_on_mobile":"yes"},"elements":[{"id":"6ff0e3f3","elType":"column","settings":{"_column_size":"100","wd_color_scheme":"light","align":"center","column_sticky_offset":"50","scroll_y":"-80"},"elements":[{"id":"63eba238","elType":"widget","settings":{"subtitle":"XTEMOS ELEMENTS","after_title":"","image_size":"custom","style":"bordered","color":"primary","size":"large","title":"BACKGROUND VIDEO","scroll_y":"-80"},"elements":[],"widgetType":"wd_title"},{"id":"59449c4e","elType":"widget","settings":{"typography_typography":"custom","wd_content_align":"center","font":"text","size":"custom","wd_content_width":{"size":"40","unit":"%"},"color_scheme":"light","typography_font_size":{"unit":"px","size":"16"},"editor":"<p>Phasellus a ac hac turpis accumsan erat a consectetur lorem ultricies aliquam parturient molestie ut dui vestibulum ullamcorper enim a phasellus. Hendrerit laoreet in vel a et primis scelerisque iaculis.<\/p>\n","wd_content_width_tablet":{"unit":"%","size":"67","sizes":[]},"wd_content_width_mobile":{"unit":"%","size":"100","sizes":[]},"_margin":{"unit":"px","top":"0","right":"0","bottom":"15","left":"0","isLinked":""},"scroll_y":"-80"},"elements":[],"widgetType":"text-editor"},{"id":"d037a72","elType":"widget","settings":{"_element_width":"auto","text":"SHOP NOW","_margin":{"unit":"px","top":"0","right":"15","bottom":"0","left":"0","isLinked":""},"scroll_y":"-80"},"elements":[],"widgetType":"wd_button"},{"id":"7b8057a2","elType":"widget","settings":{"color":"white","style":"bordered","_element_width":"auto","text":"VIEW MORE","scroll_y":"-80"},"elements":[],"widgetType":"wd_button"}],"isInner":""}],"isInner":""}]]]></wp:meta_value>
						</wp:postmeta>
												<wp:postmeta>
							<wp:meta_key><![CDATA[_elementor_page_assets]]></wp:meta_key>
							<wp:meta_value><![CDATA[a:0:{}]]></wp:meta_value>
						</wp:postmeta>
												<wp:postmeta>
							<wp:meta_key><![CDATA[_elementor_controls_usage]]></wp:meta_key>
							<wp:meta_value><![CDATA[a:6:{s:8:"wd_title";a:3:{s:5:"count";i:4;s:15:"control_percent";i:3;s:8:"controls";a:3:{s:7:"content";a:1:{s:23:"general_content_section";a:3:{s:8:"subtitle";i:4;s:11:"after_title";i:4;s:5:"title";i:4;}}s:5:"style";a:2:{s:19:"title_style_section";a:1:{s:10:"image_size";i:4;}s:21:"general_style_section";a:3:{s:5:"style";i:4;s:5:"color";i:4;s:4:"size";i:1;}}s:8:"advanced";a:1:{s:8:"wd_extra";a:1:{s:8:"scroll_y";i:4;}}}}s:5:"video";a:3:{s:5:"count";i:4;s:15:"control_percent";i:2;s:8:"controls";a:3:{s:7:"content";a:2:{s:13:"section_video";a:3:{s:10:"video_type";i:3;s:11:"youtube_url";i:1;s:9:"vimeo_url";i:1;}s:21:"section_image_overlay";a:2:{s:18:"show_image_overlay";i:2;s:13:"image_overlay";i:4;}}s:5:"style";a:1:{s:19:"section_video_style";a:1:{s:14:"wd_theme_style";i:2;}}s:8:"advanced";a:1:{s:8:"wd_extra";a:1:{s:8:"scroll_y";i:4;}}}}s:6:"column";a:3:{s:5:"count";i:6;s:15:"control_percent";i:2;s:8:"controls";a:3:{s:8:"advanced";a:1:{s:8:"wd_extra";a:2:{s:20:"column_sticky_offset";i:6;s:8:"scroll_y";i:6;}}s:5:"style";a:1:{s:14:"wd_extra_style";a:1:{s:15:"wd_color_scheme";i:1;}}s:6:"layout";a:1:{s:6:"layout";a:1:{s:5:"align";i:1;}}}}s:7:"section";a:3:{s:5:"count";i:4;s:15:"control_percent";i:4;s:8:"controls";a:3:{s:6:"layout";a:3:{s:14:"section_layout";a:2:{s:3:"gap";i:2;s:16:"content_position";i:1;}s:17:"section_structure";a:1:{s:9:"structure";i:2;}s:15:"wd_extra_layout";a:1:{s:18:"wd_section_stretch";i:1;}}s:8:"advanced";a:1:{s:16:"section_advanced";a:2:{s:6:"margin";i:3;s:7:"padding";i:1;}}s:5:"style";a:2:{s:18:"section_background";a:4:{s:21:"background_background";i:1;s:16:"background_color";i:1;s:21:"background_video_link";i:1;s:25:"background_play_on_mobile";i:1;}s:26:"section_background_overlay";a:1:{s:29:"background_overlay_background";i:1;}}}}s:11:"text-editor";a:3:{s:5:"count";i:1;s:15:"control_percent";i:4;s:8:"controls";a:3:{s:5:"style";a:1:{s:13:"section_style";a:4:{s:21:"typography_typography";i:1;s:16:"wd_content_align";i:1;s:16:"wd_content_width";i:1;s:20:"typography_font_size";i:1;}}s:7:"content";a:1:{s:14:"section_editor";a:1:{s:6:"editor";i:1;}}s:8:"advanced";a:2:{s:14:"_section_style";a:1:{s:7:"_margin";i:1;}s:8:"wd_extra";a:1:{s:8:"scroll_y";i:1;}}}}s:9:"wd_button";a:3:{s:5:"count";i:2;s:15:"control_percent";i:3;s:8:"controls";a:3:{s:8:"advanced";a:3:{s:17:"_section_position";a:1:{s:14:"_element_width";i:2;}s:14:"_section_style";a:1:{s:7:"_margin";i:1;}s:8:"wd_extra";a:1:{s:8:"scroll_y";i:2;}}s:7:"content";a:1:{s:23:"general_content_section";a:1:{s:4:"text";i:2;}}s:5:"style";a:1:{s:21:"general_style_section";a:2:{s:5:"color";i:1;s:5:"style";i:1;}}}}}]]></wp:meta_value>
						</wp:postmeta>
												<wp:postmeta>
							<wp:meta_key><![CDATA[_oembed_eb516339d46e4c7466740f61e7623b24]]></wp:meta_key>
							<wp:meta_value><![CDATA[{{unknown}}]]></wp:meta_value>
						</wp:postmeta>
												<wp:postmeta>
							<wp:meta_key><![CDATA[_oembed_819535fe9871f6cfc6d2da4a323c7342]]></wp:meta_key>
							<wp:meta_value><![CDATA[<iframe title="Furniture and accesories by Jaime Hayon | Fritz Hansen" width="500" height="281" src="https://www.youtube.com/embed/YrXa-de32-Y?feature=oembed" frameborder="0" allow="accelerometer; autoplay; clipboard-write; encrypted-media; gyroscope; picture-in-picture" allowfullscreen></iframe>]]></wp:meta_value>
						</wp:postmeta>
												<wp:postmeta>
							<wp:meta_key><![CDATA[_oembed_time_819535fe9871f6cfc6d2da4a323c7342]]></wp:meta_key>
							<wp:meta_value><![CDATA[1637070564]]></wp:meta_value>
						</wp:postmeta>
												<wp:postmeta>
							<wp:meta_key><![CDATA[_oembed_084eda7a30f0024da8985c682a7c4ec2]]></wp:meta_key>
							<wp:meta_value><![CDATA[<iframe title="Republic of Fritz Hansen - Oxford Premium" src="https://player.vimeo.com/video/153513185?h=9bbced3f80&amp;dnt=1&amp;app_id=122963" width="500" height="281" frameborder="0" allow="autoplay; fullscreen; picture-in-picture" allowfullscreen></iframe>]]></wp:meta_value>
						</wp:postmeta>
												<wp:postmeta>
							<wp:meta_key><![CDATA[_oembed_time_084eda7a30f0024da8985c682a7c4ec2]]></wp:meta_key>
							<wp:meta_value><![CDATA[1637070564]]></wp:meta_value>
						</wp:postmeta>
										</item>
								<item>
					<title><![CDATA[placeholder.png]]></title>
					<link>http://dummy.xtemos.com/woodmart2/elementor/placeholder-png/</link>
					<pubDate>Tue, 16 Nov 2021 13:47:41 +0000</pubDate>
					<dc:creator><![CDATA[zakhar]]></dc:creator>
					<guid isPermaLink="false">http://dummy.xtemos.com/woodmart2/elementor/wp-content/uploads/sites/2/2021/11/placeholder.png</guid>
															<wp:post_id>10681</wp:post_id>
					<wp:post_date><![CDATA[2021-11-16 13:47:41]]></wp:post_date>
					<wp:post_date_gmt><![CDATA[2021-11-16 13:47:41]]></wp:post_date_gmt>
					<wp:post_modified><![CDATA[2021-11-16 13:47:41]]></wp:post_modified>
					<wp:post_modified_gmt><![CDATA[2021-11-16 13:47:41]]></wp:post_modified_gmt>
					<wp:comment_status><![CDATA[open]]></wp:comment_status>
					<wp:post_name><![CDATA[placeholder-png]]></wp:post_name>
					<wp:status><![CDATA[inherit]]></wp:status>
					<wp:post_parent>0</wp:post_parent>
					<wp:menu_order>0</wp:menu_order>
					<wp:post_type><![CDATA[attachment]]></wp:post_type>
											<wp:attachment_url><![CDATA[http://dummy.xtemos.com/woodmart2/elementor/wp-content/uploads/sites/2/2021/11/placeholder.png]]></wp:attachment_url>
																					<wp:postmeta>
							<wp:meta_key><![CDATA[_wp_attached_file]]></wp:meta_key>
							<wp:meta_value><![CDATA[2021/11/placeholder.png]]></wp:meta_value>
						</wp:postmeta>
												<wp:postmeta>
							<wp:meta_key><![CDATA[_elementor_source_image_hash]]></wp:meta_key>
							<wp:meta_value><![CDATA[50c4f196d84681630284eb91cf2c8c90cf580131]]></wp:meta_value>
						</wp:postmeta>
										</item>
								<item>
					<title><![CDATA[placeholder.png]]></title>
					<link>http://dummy.xtemos.com/woodmart2/elementor/placeholder-png-2/</link>
					<pubDate>Tue, 16 Nov 2021 13:47:42 +0000</pubDate>
					<dc:creator><![CDATA[zakhar]]></dc:creator>
					<guid isPermaLink="false">http://dummy.xtemos.com/woodmart2/elementor/wp-content/uploads/sites/2/2021/11/placeholder-1.png</guid>
															<wp:post_id>10682</wp:post_id>
					<wp:post_date><![CDATA[2021-11-16 13:47:42]]></wp:post_date>
					<wp:post_date_gmt><![CDATA[2021-11-16 13:47:42]]></wp:post_date_gmt>
					<wp:post_modified><![CDATA[2021-11-16 13:47:42]]></wp:post_modified>
					<wp:post_modified_gmt><![CDATA[2021-11-16 13:47:42]]></wp:post_modified_gmt>
					<wp:comment_status><![CDATA[open]]></wp:comment_status>
					<wp:post_name><![CDATA[placeholder-png-2]]></wp:post_name>
					<wp:status><![CDATA[inherit]]></wp:status>
					<wp:post_parent>0</wp:post_parent>
					<wp:menu_order>0</wp:menu_order>
					<wp:post_type><![CDATA[attachment]]></wp:post_type>
											<wp:attachment_url><![CDATA[http://dummy.xtemos.com/woodmart2/elementor/wp-content/uploads/sites/2/2021/11/placeholder-1.png]]></wp:attachment_url>
																					<wp:postmeta>
							<wp:meta_key><![CDATA[_wp_attached_file]]></wp:meta_key>
							<wp:meta_value><![CDATA[2021/11/placeholder-1.png]]></wp:meta_value>
						</wp:postmeta>
												<wp:postmeta>
							<wp:meta_key><![CDATA[_elementor_source_image_hash]]></wp:meta_key>
							<wp:meta_value><![CDATA[50c4f196d84681630284eb91cf2c8c90cf580131]]></wp:meta_value>
						</wp:postmeta>
										</item>
								<item>
					<title><![CDATA[video-elements-image-1]]></title>
					<link>http://dummy.xtemos.com/woodmart2/elementor/video-element/video-elements-image-1/</link>
					<pubDate>Tue, 16 Nov 2021 13:48:03 +0000</pubDate>
					<dc:creator><![CDATA[zakhar]]></dc:creator>
					<guid isPermaLink="false">http://dummy.xtemos.com/woodmart2/elementor/wp-content/uploads/sites/2/2021/11/video-elements-image-1.jpg</guid>
															<wp:post_id>10685</wp:post_id>
					<wp:post_date><![CDATA[2021-11-16 13:48:03]]></wp:post_date>
					<wp:post_date_gmt><![CDATA[2021-11-16 13:48:03]]></wp:post_date_gmt>
					<wp:post_modified><![CDATA[2021-11-16 13:48:03]]></wp:post_modified>
					<wp:post_modified_gmt><![CDATA[2021-11-16 13:48:03]]></wp:post_modified_gmt>
					<wp:comment_status><![CDATA[open]]></wp:comment_status>
					<wp:post_name><![CDATA[video-elements-image-1]]></wp:post_name>
					<wp:status><![CDATA[inherit]]></wp:status>
					<wp:post_parent>10679</wp:post_parent>
					<wp:menu_order>0</wp:menu_order>
					<wp:post_type><![CDATA[attachment]]></wp:post_type>
											<wp:attachment_url><![CDATA[http://dummy.xtemos.com/woodmart2/elementor/wp-content/uploads/sites/2/2021/11/video-elements-image-1.jpg]]></wp:attachment_url>
																					<wp:postmeta>
							<wp:meta_key><![CDATA[_wp_attached_file]]></wp:meta_key>
							<wp:meta_value><![CDATA[2021/11/video-elements-image-1.jpg]]></wp:meta_value>
						</wp:postmeta>
										</item>
								<item>
					<title><![CDATA[video-elements-image-2]]></title>
					<link>http://dummy.xtemos.com/woodmart2/elementor/video-element/video-elements-image-2/</link>
					<pubDate>Tue, 16 Nov 2021 13:48:06 +0000</pubDate>
					<dc:creator><![CDATA[zakhar]]></dc:creator>
					<guid isPermaLink="false">http://dummy.xtemos.com/woodmart2/elementor/wp-content/uploads/sites/2/2021/11/video-elements-image-2.jpg</guid>
															<wp:post_id>10686</wp:post_id>
					<wp:post_date><![CDATA[2021-11-16 13:48:06]]></wp:post_date>
					<wp:post_date_gmt><![CDATA[2021-11-16 13:48:06]]></wp:post_date_gmt>
					<wp:post_modified><![CDATA[2021-11-16 13:48:06]]></wp:post_modified>
					<wp:post_modified_gmt><![CDATA[2021-11-16 13:48:06]]></wp:post_modified_gmt>
					<wp:comment_status><![CDATA[open]]></wp:comment_status>
					<wp:post_name><![CDATA[video-elements-image-2]]></wp:post_name>
					<wp:status><![CDATA[inherit]]></wp:status>
					<wp:post_parent>10679</wp:post_parent>
					<wp:menu_order>0</wp:menu_order>
					<wp:post_type><![CDATA[attachment]]></wp:post_type>
											<wp:attachment_url><![CDATA[http://dummy.xtemos.com/woodmart2/elementor/wp-content/uploads/sites/2/2021/11/video-elements-image-2.jpg]]></wp:attachment_url>
																					<wp:postmeta>
							<wp:meta_key><![CDATA[_wp_attached_file]]></wp:meta_key>
							<wp:meta_value><![CDATA[2021/11/video-elements-image-2.jpg]]></wp:meta_value>
						</wp:postmeta>
										</item>
				</channel>
</rss>
	